store_id,partition_date,unemployment_rate,weekly_resilience_index,is_high_unemployment_period
14,2019-06-07,8.899,1.1131093924161894,True
31,2019-02-22,8.324,0.9630725882972115,True
32,2019-12-06,9.137,1.180662033450829,True
33,2019-05-31,9.849,1.0971220797304408,True
33,2019-02-01,10.115,1.0566906874847957,True
22,2020-03-13,8.458,0.9007546758969223,True
41,2019-10-18,7.508,0.9115846767614689,True
41,2019-09-27,7.508,0.874689785052839,True
44,2019-04-19,7.972,0.9185669833604732,True
44,2019-03-01,8.119,0.939461741072072,True
13,2019-05-10,8.107,0.9434289690827824,True
13,2019-02-08,8.316,1.0136319010246095,True
10,2019-03-15,9.765,1.024981506518194,True
24,2021-05-21,8.983,1.0376944707027342,True
34,2020-04-24,10.581,0.926758491875317,True
29,2019-10-18,10.524,0.9365461709479004,True
26,2019-06-14,8.512,0.9983795438313677,True
45,2019-06-21,8.899,1.0080909039685138,True
33,2019-04-19,9.849,1.0130889934006198,True
33,2019-03-29,9.849,1.0568488100602293,True
40,2019-03-15,5.892,0.9281602260480422,True
22,2019-10-04,8.572,0.9869232811230159,True
17,2019-11-22,6.885,1.125189905228322,True
27,2021-08-06,8.239,0.9691987139945367,True
27,2019-02-01,8.237,1.0558093081466253,True
5,2019-12-27,6.768,0.9376386982012272,True
16,2019-12-20,6.986,1.9349736779103244,True
10,2019-03-29,9.524,1.1259473004542488,True
15,2021-08-13,8.193,0.930092406753965,True
15,2021-09-10,8.193,0.846300661685924,True
15,2021-09-24,8.193,0.888642522405911,True
15,2019-03-22,8.35,0.9499432688768419,True
34,2020-05-08,10.581,0.999432271504147,True
21,2019-03-22,8.324,0.9079825443360632,True
29,2019-12-13,10.524,1.5766725319175128,True
29,2019-10-25,10.524,0.9770269609440542,True
42,2019-05-17,9.524,0.9065414412244501,True
4,2019-02-15,8.623,0.9785876625863206,True
14,2019-03-22,8.992,1.0145562510745925,True
18,2019-07-12,9.342,1.0283909523001078,True
6,2019-03-22,7.259,0.9407598028170835,True
22,2019-11-15,8.572,0.9585760273081486,True
22,2019-11-22,8.572,1.5211479626657545,True
27,2021-04-30,8.253,0.9403859925110445,True
13,2019-03-15,8.316,0.9381991608366366,True
13,2019-02-15,8.316,0.9833572927021342,True
16,2019-03-01,7.039,0.8554333977351801,True
10,2019-04-19,9.524,0.9631979370680948,True
20,2019-05-03,7.856,1.014008556086423,True
20,2019-04-26,7.856,0.9105063669848221,True
23,2019-03-08,5.892,1.0131081123580012,True
45,2019-06-14,8.899,1.0371406338089681,True
33,2019-03-22,10.115,1.0116680067322181,True
35,2019-05-17,9.051,1.1722875902444976,True
35,2019-03-08,9.262,1.2507482296770818,True
40,2019-06-21,5.435,0.975394336132506,True
22,2019-09-27,8.572,0.8808811422533916,True
27,2019-02-08,8.237,0.9831831852790022,True
13,2019-07-19,7.951,0.951952420330684,True
13,2019-08-02,7.951,0.9827817395414992,True
13,2019-08-09,7.951,0.9370999805213434,True
13,2019-04-05,8.107,0.9474456432873313,True
24,2021-07-16,8.953,1.02767161023394,True
7,2019-07-19,9.017,0.9993233667022339,True
23,2019-06-21,5.435,1.0182322954725846,True
26,2019-07-05,8.445,1.1190978907544598,True
26,2019-08-02,8.445,1.122062498277799,True
45,2019-05-24,8.899,1.0192867687242342,True
18,2019-10-11,9.331,0.9492031111671657,True
18,2019-08-30,9.342,1.0946248786406634,True
32,2019-07-05,9.017,0.9234382624067842,True
6,2019-02-01,7.259,1.056180309446917,True
44,2019-03-29,7.972,0.9446777479120445,True
27,2021-08-13,8.239,0.9775370391989109,True
16,2019-05-17,6.842,0.8383291534878267,True
24,2021-04-16,8.983,0.8908417874963237,True
34,2020-07-31,10.641,0.9746115250121622,True
20,2019-06-14,7.856,0.9925162910066789,True
20,2019-04-05,7.856,0.952611042159854,True
29,2019-09-06,10.409,0.9107221592616106,True
23,2019-03-15,5.892,0.8842648725381057,True
42,2019-03-08,9.765,1.0574398543396015,True
26,2019-07-26,8.445,1.0024054310729995,True
26,2019-04-19,8.512,0.8793702803228183,True
45,2019-04-05,8.899,1.0608729742500773,True
32,2019-10-04,9.137,0.9304929466658849,True
30,2019-03-08,8.324,1.0675141130159493,True
40,2019-02-22,5.892,0.8960608692195787,True
44,2019-08-30,7.804,0.9766380398624918,True
44,2019-02-15,8.119,0.8844673836174116,True
13,2019-09-06,7.951,0.8844709421407837,True
5,2019-10-04,6.768,0.9134718913516008,True
16,2019-11-29,6.986,0.9865437253447616,True
16,2019-09-27,6.986,0.8935571850020673,True
24,2021-04-09,8.983,0.9476902587577896,True
24,2021-05-07,8.983,0.9989949525368393,True
7,2019-07-26,9.017,1.0577091701009698,True
34,2020-07-24,10.641,0.8807179777950144,True
34,2020-03-27,10.581,0.9146157799199989,True
29,2019-12-20,10.524,2.096438585099077,True
42,2019-06-07,9.524,1.0913270741251757,True
26,2019-04-26,8.512,0.9018777221479597,True
45,2019-04-12,8.899,0.9952690757782873,True
18,2019-09-06,9.342,0.932224529774411,True
32,2019-07-19,9.017,0.9511438361123932,True
30,2019-03-22,8.324,1.0088415731894051,True
19,2021-07-02,8.193,1.0775927191426233,True
40,2019-03-01,5.892,1.026992513875311,True
40,2019-03-22,5.892,0.9058491645534729,True
22,2020-02-28,8.458,0.9697152576697285,True
22,2020-01-31,8.458,0.919844457293764,True
5,2019-12-20,6.768,1.4653866134175266,True
16,2019-05-10,6.842,0.7737557176145791,True
24,2021-08-13,8.953,1.0303777280923323,True
42,2019-12-14,9.524,0.9515006545888578,True
4,2019-05-24,7.896,0.8867724288963579,True
14,2019-04-12,8.899,1.0498818834343522,True
26,2019-03-15,8.488,0.9007437241739337,True
31,2019-03-08,8.324,0.9787176327252413,True
45,2019-03-22,8.992,0.9957034854282699,True
19,2021-07-30,8.193,0.9288060039313183,True
35,2019-05-10,9.051,1.200660626292627,True
22,2020-02-14,8.458,0.9489196637033739,True
41,2019-12-20,7.508,1.7545715092485523,True
17,2019-09-27,6.885,0.9279594213691563,True
44,2019-07-19,7.804,0.9660756449910877,True
24,2021-07-30,8.953,1.061631401526079,True
7,2019-08-23,9.017,0.9714203049513136,True
21,2019-03-01,8.324,0.9885926252686422,True
23,2019-05-24,5.435,1.1304401289940442,True
14,2019-02-08,8.992,0.8432642521931094,True
26,2019-03-01,8.488,1.0027497285322726,True
31,2019-03-22,8.324,0.8808900595354565,True
45,2019-03-15,8.992,0.9845780967738692,True
18,2019-09-20,9.342,0.8765988495710165,True
32,2019-11-29,9.137,1.0294234030724025,True
33,2019-04-05,9.849,1.251438976873108,True
19,2019-03-22,8.35,0.9875601400273105,True
22,2020-03-20,8.458,0.9076591609008874,True
16,2019-05-03,6.842,0.7765411318133184,True
16,2019-07-26,6.868,1.0835553771688649,True
7,2019-11-15,9.137,0.8456251723656225,True
15,2019-02-22,8.35,0.9062600584589412,True
20,2019-02-08,8.187,1.000678960646426,True
14,2019-06-21,8.899,1.1114319227320217,True
26,2019-03-08,8.488,0.9605850156274522,True
31,2019-02-01,8.324,1.052547129037561,True
18,2019-11-29,9.331,1.1164428542007296,True
32,2019-09-13,9.017,0.8949004441418944,True
33,2019-06-14,9.849,1.0482463878157096,True
35,2019-04-19,9.051,1.207782222580017,True
35,2019-03-15,9.262,1.2150763704491556,True
40,2019-05-31,5.435,1.0915863721437424,True
41,2019-11-01,7.508,0.9177944647549802,True
44,2019-05-31,7.972,0.9319839671432034,True
27,2021-06-04,8.253,0.9941078208127524,True
16,2019-09-06,6.868,1.035187134910747,True
15,2021-07-23,8.193,0.9163795895983651,True
29,2019-08-23,10.409,1.0117057828050913,True
42,2019-05-10,9.524,1.0142732417568618,True
42,2019-04-19,9.524,0.884905376492774,True
14,2019-04-19,8.899,1.0579751416265608,True
1,2019-02-15,8.106,1.036459249332003,True
30,2019-03-15,8.324,1.01631800364514,True
19,2021-07-23,8.193,0.8643019124409405,True
40,2019-05-03,5.435,1.047368210022501,True
41,2019-12-06,7.508,1.1315190979652174,True
44,2019-03-15,8.119,0.8899727706866296,True
43,2020-06-12,10.581,1.05124861807364,True
27,2021-06-11,8.253,0.9990335588667175,True
27,2019-03-15,8.237,0.9579835786335366,True
25,2019-06-21,7.856,1.043648885617886,True
25,2019-04-19,7.856,0.9827516042825132,True
16,2019-03-22,7.039,0.9305331001349351,True
16,2019-02-22,7.039,0.8536237027753708,True
10,2019-06-07,9.524,0.9621449234192285,True
10,2019-02-01,9.765,1.154585858037979,True
24,2021-08-06,8.953,1.1034080403135664,True
34,2020-06-19,10.581,0.955536471480244,True
20,2019-05-31,7.856,1.045520487983736,True
42,2019-02-08,9.765,1.0346979921094677,True
4,2019-04-05,7.896,0.8681154669482382,True
31,2019-03-01,8.324,0.9920976318455931,True
2,2019-02-08,8.324,1.1101171062762216,True
40,2019-06-07,5.435,1.0450631323702926,True
40,2019-02-01,5.892,1.0392227566488883,True
41,2019-11-15,7.508,0.924321256093773,True
41,2019-10-25,7.508,0.9027928492067057,True
41,2019-03-01,7.541,0.8386847816653954,True
44,2019-04-05,7.972,0.8494955171995424,True
43,2020-08-07,10.641,0.9404757752712715,True
13,2019-05-03,8.107,1.0009273981205207,True
5,2019-10-25,6.768,0.8742813971972616,True
7,2019-07-12,9.017,0.976427356010898,True
34,2020-04-10,10.581,0.9741900751034198,True
20,2019-02-01,8.187,1.1393565606674916,True
29,2019-07-12,10.409,0.9496536346105677,True
42,2019-03-15,9.765,0.9344185661463994,True
42,2019-02-01,9.765,0.9765999950589546,True
14,2019-05-17,8.899,1.0431517224423243,True
14,2019-04-05,8.899,1.1176672046102918,True
26,2019-06-07,8.512,1.0707447475973801,True
19,2021-07-09,8.193,0.9147005066285958,True
19,2021-09-03,8.193,1.0360379370853512,True
40,2019-03-08,5.892,0.9328142759372268,True
5,2019-11-08,6.768,0.9491073917519037,True
16,2019-02-08,7.039,0.9090926212357772,True
24,2021-06-25,8.983,1.0531521796600363,True
34,2020-08-07,10.641,0.9891077986151774,True
31,2019-02-15,8.324,1.055509157652346,True
18,2019-09-13,9.342,0.9200527903222199,True
22,2019-11-01,8.572,0.978986040720881,True
17,2019-12-13,6.885,1.1743444875315363,True
17,2019-10-18,6.885,0.912165101846261,True
27,2021-04-23,8.253,0.8818637630015285,True
27,2019-03-08,8.237,1.0844386829483776,True
25,2019-05-03,7.856,1.0251123483897897,True
25,2019-03-08,8.187,0.9347670326613705,True
5,2019-09-27,6.768,0.8904641609508416,True
15,2019-03-15,8.35,0.9525088841408228,True
34,2020-09-11,10.641,0.959109739884328,True
34,2020-06-26,10.641,0.9424116659064362,True
29,2019-08-02,10.409,0.9635490839515599,True
29,2019-09-13,10.409,0.8596749684806813,True
4,2019-05-17,7.896,0.9088369794420185,True
4,2019-03-08,8.623,0.9043358806390339,True
32,2019-07-12,9.017,0.9602287146554026,True
32,2019-08-23,9.017,0.9776548632378739,True
19,2021-09-24,8.193,0.926159109431322,True
40,2019-02-15,5.892,0.9503812372626134,True
22,2019-12-13,8.572,1.4853490002869207,True
44,2019-05-03,7.972,0.9419788902567442,True
13,2019-07-05,7.951,0.9337317525298414,True
5,2019-12-13,6.768,1.1565645610263642,True
16,2019-11-01,6.986,0.860677850127169,True
16,2019-04-26,6.842,0.7386665512208306,True
7,2019-12-13,9.137,1.2554628103870482,True
34,2020-07-03,10.641,0.9587838751665707,True
42,2019-03-29,9.524,0.9092449630718586,True
4,2019-03-01,8.623,0.9409677970111859,True
14,2019-02-22,8.992,1.0369193599421123,True
18,2019-08-09,9.342,1.000004018509287,True
30,2019-02-22,8.324,1.0769554546716622,True
6,2019-03-08,7.259,0.9960971967226007,True
35,2019-02-01,9.262,1.338023351895268,True
41,2019-10-04,7.508,0.916346461290369,True
17,2019-10-04,6.885,0.9263152398589415,True
27,2021-08-27,8.239,0.9756194361507609,True
27,2021-07-23,8.239,0.9158792648504841,True
10,2019-04-12,9.524,0.9614708929689386,True
29,2019-10-04,10.524,0.9825890372314435,True
29,2019-10-11,10.524,0.8953756803036862,True
23,2019-05-17,5.435,0.9550746261491433,True
18,2019-10-18,9.331,0.969947969522424,True
32,2019-08-30,9.017,0.9394500487053394,True
2,2019-02-01,8.324,1.1096912776737056,True
33,2019-06-21,9.849,0.998299933997488,True
19,2021-09-10,8.193,0.9485497056887963,True
6,2019-03-01,7.259,1.023403830791235,True
40,2019-03-29,5.435,1.0799417569800762,True
44,2019-07-12,7.804,0.980664442110015,True
27,2021-07-16,8.239,0.9750438611876251,True
27,2021-05-21,8.253,1.0246113842323927,True
13,2019-05-24,8.107,0.9369833466465189,True
13,2019-02-01,8.316,0.9818329969109575,True
16,2019-11-08,6.986,0.8736345557811234,True
16,2019-06-07,6.842,1.0314677927005467,True
10,2019-05-10,9.524,0.9518969250094956,True
24,2021-06-04,8.983,1.0365266551867514,True
20,2019-05-17,7.856,0.8984948910531247,True
4,2019-06-14,7.896,0.921241423624827,True
26,2019-04-05,8.512,1.0193256919014322,True
1,2019-02-01,8.106,1.056856250671404,True
40,2019-05-10,5.435,0.9410186530197394,True
40,2019-04-05,5.435,0.9540633104426419,True
44,2019-05-24,7.972,0.9634708268331207,True
13,2019-08-23,7.951,0.9524151177774447,True
7,2019-10-04,9.137,0.8416146385713907,True
23,2019-02-01,5.892,0.9819098327899864,True
4,2019-02-08,8.623,1.0446812671027985,True
26,2019-05-24,8.512,1.066745393096528,True
26,2019-02-15,8.488,0.9964470509504924,True
32,2019-10-25,9.137,0.9559137245893907,True
1,2019-02-08,8.106,1.0557416749100559,True
33,2019-05-10,9.849,1.27442220288611,True
22,2020-01-03,8.458,0.8497363317117615,True
41,2019-11-22,7.508,1.4720007519050686,True
43,2020-09-11,10.641,0.9771877006868354,True
43,2020-07-17,10.641,0.9432039649926749,True
27,2021-09-17,8.239,0.8773498959068265,True
16,2019-12-06,6.986,1.0979415161299229,True
16,2019-08-16,6.868,1.0043702259993785,True
24,2021-04-23,8.983,0.8802873794815095,True
15,2021-08-06,8.193,0.9472835114251833,True
34,2020-06-05,10.581,0.9763454430659675,True
42,2019-04-26,9.524,0.8583978322845353,True
4,2019-02-01,8.623,1.019301407906123,True
14,2019-04-26,8.899,1.0303698045418233,True
45,2019-03-08,8.992,0.9742311643084801,True
45,2019-03-29,8.899,1.1161612276248019,True
19,2021-07-16,8.193,0.911884982258277,True
6,2019-02-15,7.259,1.0015401292872483,True
22,2019-10-18,8.572,0.9343680595404223,True
44,2019-07-26,7.804,0.9077863402769364,True
43,2020-08-14,10.641,1.0474821142363235,True
27,2021-04-02,8.253,1.0697363723389925,True
15,2019-02-01,8.35,1.0462207419105178,True
42,2019-06-21,9.524,0.8704604552182452,True
14,2019-05-24,8.899,1.10201680479173,True
26,2019-05-10,8.512,0.9698395678088678,True
26,2019-04-12,8.512,0.9029192194695193,True
18,2019-11-15,9.331,0.9640496092882419,True
32,2019-11-15,9.137,0.9864231979095043,True
33,2019-05-24,9.849,1.0745959815036585,True
33,2019-04-26,9.849,1.061654097019823,True
35,2019-05-24,9.051,1.330590673484034,True
17,2019-12-20,6.885,1.4651455413426344,True
44,2019-05-10,7.972,0.9457287853546851,True
44,2019-07-05,7.804,0.9257816513457676,True
43,2020-06-05,10.581,1.0153428194068679,True
27,2021-05-14,8.253,0.9616624826412832,True
27,2019-02-15,8.237,1.095680812204514,True
24,2021-09-24,8.953,0.9281543054638607,True
15,2019-02-15,8.35,1.0602045948736547,True
34,2020-04-17,10.581,1.0876484348837545,True
23,2019-06-14,5.435,1.0847884616525734,True
4,2019-06-07,7.896,0.893019361170855,True
14,2019-03-01,8.992,1.1071591605907654,True
18,2019-11-01,9.331,1.0044366527364723,True
32,2019-12-20,9.137,1.6708694915972757,True
2,2019-03-15,8.324,1.0105514892295222,True
19,2021-08-06,8.193,0.9750234119376122,True
22,2020-01-17,8.458,0.8313078816838155,True
13,2019-07-26,7.951,0.9073012607676776,True
13,2019-03-08,8.316,0.9186805175701677,True
10,2019-05-03,9.524,1.011586449738232,True
24,2021-09-10,8.953,0.9160896178439558,True
15,2021-07-02,8.193,1.0877766405012737,True
4,2019-05-10,7.896,0.8953958442945085,True
4,2019-03-15,8.623,0.9058183128663895,True
14,2019-03-29,8.899,1.2348625343007344,True
26,2019-09-20,8.445,0.866114309650569,True
45,2019-05-10,8.899,0.9646818116248598,True
45,2019-04-19,8.899,0.9539900310327213,True
45,2019-04-26,8.899,0.9380682977208313,True
32,2019-11-22,9.137,1.401234769732759,True
35,2019-05-31,9.051,1.3943067095829274,True
41,2019-03-08,7.541,0.8074893025643728,True
17,2019-11-29,6.885,1.0369215607376605,True
43,2020-06-26,10.641,0.9265101433028047,True
43,2020-05-08,10.581,1.0810503442816717,True
25,2019-05-17,7.856,0.9963092780723192,True
16,2019-10-18,6.986,1.0423096503996487,True
16,2019-02-15,7.039,0.9049027521732643,True
10,2019-02-22,9.765,1.0565173205022147,True
29,2019-06-28,10.409,1.0778978773988876,True
33,2019-03-08,10.115,1.201258244583424,True
33,2019-02-08,10.115,1.134768375048748,True
30,2019-02-08,8.324,1.1340576524792818,True
35,2019-04-26,9.051,1.1926724557382598,True
44,2019-06-07,7.972,0.9797344446241033,True
44,2019-09-20,7.804,0.9285576154474597,True
43,2020-07-03,10.641,1.0281421302560045,True
43,2020-05-01,10.581,1.0249856294485407,True
27,2021-08-20,8.239,1.0029445191161463,True
27,2021-07-09,8.239,0.9891130601800926,True
16,2019-05-31,6.842,0.9943150063081979,True
16,2019-06-21,6.842,1.0525899842188857,True
16,2019-04-05,6.842,0.816727672440448,True
24,2021-07-23,8.953,0.963577625118898,True
7,2019-10-18,9.137,0.8279643866746568,True
7,2019-09-20,9.017,0.8552296304090724,True
15,2021-08-20,8.193,0.9725631915741871,True
15,2021-07-09,8.193,0.9486983234743878,True
20,2019-06-21,7.856,0.9361662111292559,True
26,2019-06-21,8.512,0.9734076780260952,True
18,2019-08-16,9.342,1.052679338565847,True
32,2019-07-26,9.017,0.9132347351209251,True
32,2019-10-11,9.137,0.9401018494567689,True
1,2019-03-01,8.106,0.9997056979165935,True
6,2019-03-15,7.259,1.0820147069826,True
40,2019-05-24,5.435,1.046005330876975,True
40,2019-04-12,5.435,0.9154769106724293,True
22,2019-10-25,8.572,0.9973410148872206,True
25,2019-05-24,7.856,1.1212938949522848,True
15,2021-07-16,8.193,0.9503567533013505,True
29,2019-11-29,10.524,1.191355691650699,True
4,2019-04-12,7.896,0.883901386365551,True
4,2019-02-22,8.623,0.9193282688990062,True
26,2019-07-19,8.445,0.9687946404749715,True
45,2019-02-08,8.992,0.8359270257889896,True
35,2019-04-05,9.051,1.3025795717177724,True
22,2019-12-20,8.572,1.9080632548523868,True
43,2020-07-31,10.641,0.956786570701256,True
13,2019-06-14,8.107,0.9999076689864217,True
13,2019-04-26,8.107,0.8912982985800406,True
16,2019-05-24,6.842,0.9233165062376535,True
20,2019-04-12,7.856,0.9421674726024635,True
23,2019-05-10,5.435,0.9375411250828471,True
23,2019-04-05,5.435,0.9097539623069906,True
23,2019-02-15,5.892,0.949436493638553,True
26,2019-02-22,8.488,0.8529014933195804,True
1,2019-03-22,8.106,0.9030168260844785,True
30,2019-03-01,8.324,1.077549098312107,True
19,2021-08-13,8.193,0.9516278046288106,True
19,2019-03-08,8.35,1.015840954748555,True
22,2019-12-27,8.572,0.7528065122711565,True
22,2020-03-06,8.458,0.9184115467334566,True
41,2019-03-22,7.541,0.8005489401448175,True
41,2019-02-01,7.541,0.8568026189543433,True
41,2019-02-15,7.541,0.8295983381409039,True
43,2020-05-29,10.581,0.9962853603201156,True
27,2021-09-24,8.239,0.8678873189083336,True
10,2019-03-08,9.765,1.0220706617920647,True
24,2021-08-20,8.953,0.9609149491368232,True
23,2019-03-29,5.435,1.119985195859858,True
42,2019-03-01,9.765,0.9974273306825059,True
4,2019-03-29,7.896,0.9448774878154411,True
26,2019-08-09,8.445,1.0090002380194418,True
45,2019-02-15,8.992,1.0703919429420112,True
18,2019-12-13,9.331,1.4643714711362106,True
17,2019-11-01,6.885,0.915903686865843,True
43,2020-09-18,10.641,0.9254464709474088,True
43,2020-04-03,10.581,1.0269909356581097,True
25,2019-02-22,8.187,0.8893411916242536,True
10,2019-06-21,9.524,0.9308989340525813,True
24,2021-09-03,8.953,1.08872590962556,True
7,2019-08-30,9.017,0.9336643699794756,True
34,2020-05-01,10.581,0.9990401353527093,True
34,2020-05-15,10.581,0.9774895070887029,True
20,2019-03-01,8.187,1.005473727881464,True
23,2019-03-22,5.892,0.9430428917783613,True
14,2019-03-08,8.992,1.0668273638924364,True
14,2019-02-15,8.992,1.0908363488358157,True
18,2019-09-27,9.331,0.8748606841970231,True
1,2019-03-15,8.106,0.9467945079417552,True
33,2019-05-17,9.849,1.1323877625191667,True
33,2019-03-01,10.115,1.121692419245173,True
19,2019-02-08,8.35,1.0633570764243272,True
44,2019-02-01,8.119,0.9278221004881493,True
13,2019-02-22,8.316,0.9072828391136926,True
16,2019-08-23,6.868,1.1189466729527195,True
16,2019-04-12,6.842,0.8402779342747233,True
16,2019-04-19,6.842,0.7130140750930946,True
10,2019-04-26,9.524,0.9427563567290136,True
34,2020-07-17,10.641,0.9446152660674,True
21,2019-02-15,8.324,1.147095244457835,True
4,2019-05-31,7.896,0.9086164146158736,True
18,2019-08-02,9.342,1.0750419900422947,True
32,2019-11-01,9.137,0.9112679833368694,True
33,2019-02-15,10.115,1.142341634441626,True
19,2019-02-15,8.35,1.0491191153653836,True
22,2019-11-29,8.572,1.1964154953649646,True
44,2019-08-16,7.804,0.9398684973815268,True
43,2020-09-04,10.641,1.0249532447977439,True
43,2020-04-17,10.581,1.0078252856268137,True
25,2019-04-26,7.856,1.0002865164471444,True
16,2019-11-22,6.986,1.2553502543231403,True
16,2019-08-02,6.868,1.1303592023810174,True
16,2019-08-09,6.868,1.0472033646189824,True
16,2019-08-30,6.868,1.0439870193115603,True
15,2019-03-01,8.35,0.9711428124937754,True
15,2019-03-08,8.35,0.9692948789993195,True
15,2019-02-08,8.35,1.0948715570601761,True
29,2019-11-08,10.524,0.9721926239471438,True
26,2019-05-03,8.512,1.0713600957989895,True
26,2019-02-08,8.488,1.0127351624994447,True
32,2019-12-27,9.137,0.8190381641513588,True
32,2019-09-20,9.017,0.915019062929927,True
19,2021-09-17,8.193,0.9263482237443805,True
22,2019-10-11,8.572,0.927953812252225,True
22,2020-01-10,8.458,0.7851577095377482,True
22,2020-01-24,8.458,0.7772176397753212,True
43,2020-08-28,10.641,0.9382625978146335,True
13,2019-05-31,8.107,1.0095252147556824,True
13,2019-07-12,7.951,0.9643698678489829,True
16,2019-09-13,6.868,1.0053958636077092,True
7,2019-11-22,9.137,1.4636591763133193,True
7,2019-08-16,9.017,1.0205669564353,True
7,2019-09-06,9.017,0.9389293171767403,True
4,2019-05-03,7.896,0.9550836689968774,True
26,2019-05-17,8.512,0.9839000458805219,True
18,2019-12-06,9.331,1.3055636859476651,True
35,2019-06-21,9.051,1.3376234932329887,True
40,2019-05-17,5.435,0.9185646229626855,True
43,2020-09-25,10.641,0.8766177913305082,True
43,2020-08-21,10.641,0.8867063916432397,True
27,2021-06-25,8.253,1.0379329109139968,True
24,2021-04-30,8.983,0.9629972478425416,True
7,2019-12-20,9.137,1.8315688362723397,True
20,2019-05-24,7.856,0.9802190169963132,True
21,2019-02-22,8.324,0.9914401428399757,True
29,2019-07-26,10.409,0.9451690047234156,True
42,2019-02-22,9.765,0.8833701786687169,True
4,2019-04-19,7.896,0.8605846881274809,True
18,2019-07-19,9.342,0.9522362762136469,True
18,2019-11-22,9.331,1.524597838396412,True
18,2019-08-23,9.342,1.1194635736210117,True
2,2019-03-08,8.324,1.033614124150611,True
35,2019-06-14,9.051,1.3025913034856809,True
22,2020-02-07,8.458,0.9812399713560549,True
41,2019-03-15,7.541,0.7937682464748956,True
44,2019-09-13,7.804,0.92212223089233,True
43,2020-07-10,10.641,0.9976357418364892,True
43,2020-04-24,10.581,0.9654829310338099,True
27,2021-09-10,8.239,0.8560109457788266,True
25,2019-02-01,8.187,0.9582722454395047,True
5,2019-11-01,6.768,1.0229503725011189,True
24,2021-07-09,8.953,1.0359094842479288,True
34,2020-08-28,10.641,0.9582884892178802,True
23,2019-06-07,5.435,1.035663621108084,True
42,2019-05-03,9.524,1.0475236758846296,True
26,2019-08-23,8.445,0.974484971115937,True
26,2019-09-06,8.445,1.0392003101000578,True
31,2019-02-08,8.324,1.106057483004359,True
45,2019-02-01,8.992,1.1332790061571727,True
18,2019-07-26,9.342,0.994320368374501,True
32,2019-12-13,9.137,1.3353494121796001,True
32,2019-10-18,9.137,0.9448097784162772,True
41,2019-12-13,7.508,1.2837095257707933,True
41,2019-11-29,7.508,0.9621412298034403,True
27,2019-02-22,8.237,0.7835295038800437,True
16,2019-07-12,6.868,1.1296798349431423,True
16,2019-06-28,6.868,1.1760117274229807,True
16,2019-09-20,6.868,0.9847521527559422,True
7,2019-08-02,9.017,1.1283467224280348,True
15,2021-09-03,8.193,0.9421595806067296,True
20,2019-02-15,8.187,1.0255603173371697,True
33,2019-04-12,9.849,1.1843978910399384,True
44,2019-06-14,7.972,0.9687202376644239,True
27,2021-06-18,8.253,1.0353019468686888,True
25,2019-02-08,8.187,0.8254510341668716,True
10,2019-06-14,9.524,0.9674699729871877,True
24,2021-07-02,8.953,1.2125234642890312,True
34,2020-09-18,10.641,0.9338745874739763,True
21,2019-03-15,8.324,0.9616449290216986,True
42,2019-04-12,9.524,0.9876426035075202,True
4,2019-04-26,7.896,0.8675524112827946,True
17,2019-11-08,6.885,0.9573386030323656,True
25,2019-06-07,7.856,1.0430744868182997,True
25,2019-03-01,8.187,0.942026002089839,True
15,2021-07-30,8.193,0.94774233426523,True
29,2019-08-30,10.409,1.0738174915055068,True
23,2019-04-12,5.435,0.927301730951575,True
18,2019-10-25,9.331,0.9574618812093827,True
2,2019-03-22,8.324,0.9088389439041133,True
33,2019-05-03,9.849,1.2578619320496653,True
19,2021-08-27,8.193,1.0676269201043014,True
6,2019-02-08,7.259,1.0265577587662205,True
35,2019-03-01,9.262,1.2640846946772992,True
17,2019-11-15,6.885,0.8754127809585358,True
16,2019-10-25,6.986,0.9533455445887697,True
10,2019-02-08,9.765,1.1456251284333345,True
34,2020-08-14,10.641,0.9934183483555049,True
29,2019-12-06,10.524,1.3232604493524887,True
23,2019-02-08,5.892,0.9935444205211561,True
23,2019-02-22,5.892,0.8624651425203103,True
42,2019-02-15,9.765,0.9144344669399113,True
14,2019-03-15,8.992,1.0223856420232216,True
26,2019-05-31,8.512,1.000289970964274,True
45,2019-06-07,8.899,1.0111440879773328,True
45,2019-02-22,8.992,0.943954343627899,True
18,2019-06-28,9.342,1.1596819281298372,True
40,2019-06-14,5.435,1.009311273122947,True
41,2019-10-11,7.508,0.8941649723124337,True
44,2019-08-02,7.804,0.9796891907979033,True
44,2019-03-08,8.119,0.8984446764444489,True
13,2019-09-20,7.951,0.8512865859076455,True
16,2019-12-13,6.986,1.24921491695812,True
16,2019-10-11,6.986,0.8708160937730123,True
24,2021-04-02,8.983,1.123809271170103,True
24,2021-09-17,8.953,0.9295400453023865,True
7,2019-11-01,9.137,0.8420922967073394,True
20,2019-02-22,8.187,0.9006095653007292,True
29,2019-12-27,10.524,0.8638257221550663,True
29,2019-11-22,10.524,1.8078901232603388,True
29,2019-08-09,10.409,0.9180974849870122,True
29,2019-08-16,10.409,0.9855200332688241,True
29,2019-09-20,10.409,0.8626141024147586,True
23,2019-04-19,5.435,0.9461520294841187,True
4,2019-06-21,7.896,0.8815775643950339,True
4,2019-03-22,8.623,0.8414228264533162,True
14,2019-02-01,8.992,1.2981187472014124,True
35,2019-06-07,9.051,1.2616953282375591,True
35,2019-04-12,9.051,1.1791433027020157,True
35,2019-03-22,9.262,1.1730685410895294,True
22,2020-02-21,8.458,0.8859936893494673,True
17,2019-12-27,6.885,0.7115888455347434,True
44,2019-06-28,7.804,0.9923104202100794,True
44,2019-09-06,7.804,0.9356257613798716,True
27,2021-07-02,8.239,1.1616753597254188,True
27,2021-07-30,8.239,0.9609031497788897,True
13,2019-04-12,8.107,0.9081862637766959,True
13,2019-04-19,8.107,0.9529404169055748,True
16,2019-06-14,6.842,1.0402546197501044,True
16,2019-03-08,7.039,0.8577673318668456,True
10,2019-03-01,9.765,1.0461537239249312,True
34,2020-09-25,10.641,0.901804385371713,True
20,2019-03-22,8.187,0.8989722175419015,True
42,2019-04-05,9.524,1.0469953546067408,True
14,2019-05-03,8.899,1.1727569769433688,True
45,2019-05-17,8.899,0.9515841863643674,True
2,2019-03-01,8.324,1.0338890038768949,True
19,2021-08-20,8.193,1.0689649832810086,True
19,2019-02-22,8.35,0.9503605373471006,True
44,2019-04-12,7.972,0.924381984499535,True
43,2020-04-10,10.581,1.0038421156860202,True
25,2019-02-15,8.187,0.9568983521093425,True
24,2021-06-11,8.983,1.005668366214009,True
7,2019-12-27,9.137,1.278566333185361,True
15,2021-08-27,8.193,0.9789396883709549,True
34,2020-09-04,10.641,0.9624781636696187,True
34,2020-04-03,10.581,1.0089971415719532,True
34,2020-06-12,10.581,1.0015272638839894,True
29,2019-07-05,10.409,1.0444859351188256,True
26,2019-08-16,8.445,1.0044605269529836,True
18,2019-12-20,9.331,1.8691552670778353,True
32,2019-08-16,9.017,1.019990006529592,True
33,2019-06-07,9.849,1.1960238832222518,True
33,2019-03-15,10.115,1.0860997933070473,True
35,2019-05-03,9.051,1.2852753880179228,True
27,2021-04-09,8.253,0.9296925119203076,True
5,2019-11-15,6.768,0.9351376275687382,True
16,2019-07-19,6.868,1.133070297525931,True
20,2019-06-07,7.856,0.9965900463914765,True
14,2019-05-10,8.899,1.053831712881383,True
32,2019-08-02,9.017,0.9811274936047824,True
40,2019-04-26,5.435,0.8472301143583294,True
44,2019-08-09,7.804,0.9606225094221432,True
43,2020-07-24,10.641,0.8430391243011637,True
25,2019-03-22,8.187,0.9858021410220599,True
5,2019-12-06,6.768,1.1094290160385016,True
16,2019-03-15,7.039,0.9712268745634806,True
10,2019-05-17,9.524,0.9727227954175313,True
10,2019-04-05,9.524,1.0745724780976655,True
7,2019-07-05,9.017,1.0400356438220661,True
34,2020-05-22,10.581,0.9736551352352046,True
20,2019-04-19,7.856,0.8914376043270373,True
21,2019-03-08,8.324,0.9421267258245988,True
23,2019-05-03,5.435,0.9825075169697138,True
23,2019-05-31,5.435,1.0896281997646127,True
14,2019-06-14,8.899,1.11265196545925,True
26,2019-08-30,8.445,1.0345372980668641,True
45,2019-05-31,8.899,1.065664585722932,True
35,2019-03-29,9.051,1.2933828007397146,True
35,2019-02-22,9.262,1.1097358043549317,True
40,2019-02-08,5.892,0.990883212477621,True
22,2019-11-08,8.572,1.0147764566815127,True
41,2019-12-27,7.508,0.7899771940058845,True
44,2019-08-23,7.804,0.967643256015078,True
43,2020-06-19,10.581,0.9551578485587274,True
16,2019-10-04,6.986,0.8529535602213474,True
16,2019-03-29,6.842,0.9446429162703148,True
7,2019-10-25,9.137,0.8157711708463449,True
15,2021-09-17,8.193,0.8553681522737179,True
21,2019-02-01,8.324,1.0562445913732692,True
29,2019-07-19,10.409,0.9389206571977355,True
42,2019-05-24,9.524,0.8700461338677495,True
42,2019-03-22,9.765,0.8591271766095456,True
26,2019-06-28,8.445,1.0753243026443553,True
26,2019-03-22,8.488,0.8910184925379862,True
26,2019-02-01,8.488,1.0311167581478482,True
18,2019-11-08,9.331,0.996868956050671,True
30,2019-02-01,8.324,1.0604882278949506,True
30,2019-02-15,8.324,1.0568508951485376,True
35,2019-02-08,9.262,1.2708313201770556,True
17,2019-10-11,6.885,0.9381320257871285,True
44,2019-03-22,8.119,0.9119404830841926,True
25,2019-03-15,8.187,0.9336008732026355,True
16,2019-02-01,7.039,0.9194249148392127,True
24,2021-06-18,8.983,1.0574563674507695,True
24,2021-05-28,8.983,1.0817883584320043,True
20,2019-03-29,7.856,1.1412542661726701,True
45,2019-05-03,8.899,1.0334002219278846,True
18,2019-07-05,9.342,1.0799036757089768,True
33,2019-02-22,10.115,1.0930921282903985,True
35,2019-02-15,9.262,1.3815636937247011,True
22,2019-12-06,8.572,1.3293159542107875,True
41,2019-02-08,7.541,0.848225517794904,True
44,2019-05-17,7.972,0.8815265450723431,True
27,2021-04-16,8.253,0.9238308371628766,True
27,2019-03-01,8.237,0.7400392800330304,True
13,2019-06-21,8.107,0.9833900384273567,True
13,2019-06-28,7.951,1.0073339263233339,True
25,2019-05-31,7.856,1.0812680874837648,True
25,2019-04-05,7.856,1.0083858168582658,True
25,2019-04-12,7.856,1.012154811967251,True
5,2019-11-29,6.768,1.0832644217512888,True
16,2019-12-27,6.986,1.1079824651761476,True
16,2019-11-15,6.986,0.8832675685230882,True
7,2019-08-09,9.017,1.0483127499109046,True
20,2019-03-08,8.187,0.9541191386070447,True
21,2019-02-08,8.324,1.070433188997674,True
29,2019-09-27,10.524,0.8799643206203892,True
26,2019-03-29,8.512,1.02685914565416,True
32,2019-11-08,9.137,0.978098969308998,True
32,2019-09-06,9.017,0.8817619318871522,True
19,2019-03-01,8.35,1.03518724447611,True
44,2019-06-21,7.972,0.9514435085039618,True
44,2019-02-08,8.119,0.9468550477936131,True
27,2021-05-07,8.253,0.9431562804312289,True
13,2019-06-07,8.107,1.0170993743668275,True
25,2019-05-10,7.856,0.987763804755139,True
5,2019-11-22,6.768,1.5356744431858405,True
16,2019-07-05,6.868,1.182967771312693,True
24,2021-08-27,8.953,0.9910105582596039,True
24,2021-05-14,8.983,0.957291053463871,True
7,2019-09-27,9.137,0.7868648973258185,True
29,2019-11-01,10.524,0.9658014461388936,True
23,2019-04-26,5.435,0.9061419698122463,True
31,2019-03-15,8.324,0.9544090826377825,True
1,2019-03-08,8.106,0.9255928395618372,True
41,2019-11-08,7.508,0.9268217579786517,True
17,2019-10-25,6.885,0.9645917643778102,True
27,2021-05-28,8.253,1.0706519002607224,True
27,2021-09-03,8.239,1.0370315615469534,True
7,2019-12-06,9.137,1.0510197655876576,True
7,2019-11-29,9.137,0.9687957438361117,True
7,2019-10-11,9.137,0.8120512170914498,True
34,2020-08-21,10.641,0.9013459053814074,True
14,2019-05-31,8.899,1.1695332660928008,True
26,2019-07-12,8.445,1.0251665941014036,True
32,2019-06-28,9.017,1.0183619662030008,True
1,2019-02-22,8.106,0.9064231086486119,True
19,2019-03-15,8.35,0.9224506848111378,True
19,2019-02-01,8.35,1.043348218780552,True
40,2019-04-19,5.435,0.8763965516146535,True
41,2019-02-22,7.541,0.7822110615288362,True
17,2019-12-06,6.885,1.0770989193811102,True
43,2020-03-27,10.581,0.9656745073225061,True
43,2020-05-15,10.581,1.02369314871933,True
43,2020-05-22,10.581,0.9129749856077018,True
27,2019-03-22,8.237,1.0346429003825708,True
13,2019-05-17,8.107,0.9251541293414485,True
13,2019-03-22,8.316,0.9393476269371108,True
5,2019-10-11,6.768,0.8826125028751352,True
7,2019-06-28,9.017,1.008680881658156,True
7,2019-09-13,9.017,0.8576825878969186,True
34,2020-05-29,10.581,0.9797758663788811,True
26,2019-09-13,8.445,0.9207924952663809,True
18,2019-12-27,9.331,0.8185599071336602,True
18,2019-10-04,9.331,1.0209402629385453,True
2,2019-02-15,8.324,1.1031806136182214,True
2,2019-02-22,8.324,0.9685036876747348,True
13,2019-08-16,7.951,0.9968942836753252,True
13,2019-08-30,7.951,0.954199043598506,True
13,2019-03-29,8.107,1.0693054633505688,True
25,2019-06-14,7.856,1.1043174771616906,True
5,2019-10-18,6.768,0.8961562451448647,True
10,2019-03-22,9.765,0.9968979485986645,True
34,2020-07-10,10.641,0.9349402159915456,True
20,2019-05-10,7.856,0.9646695129613028,True
29,2019-11-15,10.524,0.9420209548536385,True
23,2019-03-01,5.892,0.9433840257619103,True
42,2019-05-31,9.524,0.9993570440995325,True
45,2019-03-01,8.992,0.989835150792738,True
32,2019-08-09,9.017,0.9926343995175383,True
32,2019-09-27,9.137,0.9095821409866993,True
6,2019-02-22,7.259,0.9157841103343097,True
44,2019-04-26,7.972,0.9011078195556586,True
13,2019-09-13,7.951,0.8935224575117512,True
13,2019-03-01,8.316,0.9682375567397661,True
25,2019-03-29,7.856,1.1638054481053806,True
10,2019-05-24,9.524,1.0027343003862434,True
10,2019-05-31,9.524,1.0168375769183158,True
10,2019-02-15,9.765,1.112669916154267,True
7,2019-11-08,9.137,0.8895353896325019,True
20,2019-03-15,8.187,0.9260662568623247,True
